{
  "version": 3,
  "speed_samples": [
    4009.2120439700498,
    2580.250070489324,
    3265.108530651962,
    4218.419296981076,
    4336.766789019283,
    3793.747493781563,
    3257.1847921048375,
    3200.1810812099634,
    3658.02263931537,
    4198.572548757904,
    4472.493068884623,
    4220.771756221305,
    4292.8243181004045,
    3906.144467511302,
    3955.0249882131075,
    4462.915741171776,
    3513.921038852236,
    4078.8719245356415,
    3857.865941056989,
    4107.565900076714,
    4000.862307435494,
    4230.4389997898725,
    4450.898286199395,
    4164.028046081615,
    2803.679144385027,
    3653.9727757813353,
    4258.753130711433,
    3728.8226403911694,
    3617.8585393904546,
    2985.9338820912126,
    3868.8677417867084,
    3742.5473472878016,
    3154.6991757811275,
    4535.7107261135025,
    3547.855214464456,
    5289.493662904344,
    3146.081934217599,
    3697.0506831203174,
    4673.23243765204,
    3470.549767281503,
    3690.0711523305044,
    3633.0047639670856,
    4657.663933667709,
    3767.409420086454,
    3818.6158444987327,
    4366.792295679334,
    3426.252416609939,
    4241.311873261987,
    1095.5952982150632,
    4235.244698754628,
    3351.309917768086,
    5180.071631468445,
    4175.37563047518,
    3680.7611386364883,
    4292.01896510557,
    4257.67235691204,
    3450.6820238584946,
    3584.9390480599727,
    3362.279835665854,
    3758.224664735223,
    3843.9444773269693,
    5453.28594955361,
    4068.2558722255453,
    3883.4649897766294,
    4001.8166205514744,
    4233.036281980118,
    4381.427464635473,
    1630.685385977796,
    5186.049540452541,
    3793.3186117496325,
    5268.123089805317,
    4069.6374397619584,
    3928.247097617608,
    4227.418780446834,
    4760.6643713820895,
    3778.4395022802773,
    4178.200518833662,
    4136.5644544894185,
    4170.601083840175,
    4865.499680992982,
    5255.471233162785,
    4060.9688558980156,
    3660.2705297146344,
    4027.9013264509936,
    3623.849665202679,
    3871.963074082622,
    4448.288942243957,
    4550.535052347974,
    3731.8638689108034,
    4009.2120439700493,
    4281.79535168612,
    4815.135466095208,
    3856.9790413425803,
    2823.1797172986317,
    4384.417201428612,
    4362.912384873767,
    4454.758903915599,
    2978.6270239560645,
    3386.4290255840947,
    4238.00846226713,
    3280.4841374590605,
    3834.4416510490473,
    4441.158387011383,
    3019.15918599943,
    4296.4338120745215,
    4789.688945281523,
    3008.7364677048154,
    4122.503726758949,
    4658.871096136401,
    5023.820493881381,
    4224.314232359051,
    5622.914852812482,
    3897.9765726345136,
    3329.0328725444806,
    4810.073587033391,
    4973.679592078739,
    4086.10728420369,
    4782.634464627908,
    4907.0535244223465,
    4595.448345126684,
    5344.8591706341485,
    3822.7051987999853,
    5251.358756325317,
    5780.706494898643
  ],
  "daily": {
    "date": "2026-06-07",
    "new_count": 20,
    "review_count": 0
  },
  "words": {
    "the": {
      "card": {
        "card_id": 1780829926867,
        "state": 2,
        "step": null,
        "stability": 1.414526513757103,
        "difficulty": 4.724694431106745,
        "due": "2026-06-08T11:01:43.327157+00:00",
        "last_review": "2026-06-07T11:01:43.327157+00:00"
      },
      "reps": 6,
      "lapses": 0,
      "wpm_ewma": 3370.6711467092864,
      "last_seen_date": "2026-06-07"
    },
    "and": {
      "card": {
        "card_id": 1780829928640,
        "state": 2,
        "step": null,
        "stability": 0.5245325132424504,
        "difficulty": 9.055476783439646,
        "due": "2026-06-08T11:03:50.756984+00:00",
        "last_review": "2026-06-07T11:03:50.756984+00:00"
      },
      "reps": 9,
      "lapses": 0,
      "wpm_ewma": 3835.1143778362843,
      "last_seen_date": "2026-06-07"
    },
    "you": {
      "card": {
        "card_id": 1780829929858,
        "state": 2,
        "step": null,
        "stability": 2.3065,
        "difficulty": 2.0905863426205262,
        "due": "2026-06-09T11:00:51.638738+00:00",
        "last_review": "2026-06-07T11:00:51.638738+00:00"
      },
      "reps": 5,
      "lapses": 0,
      "wpm_ewma": 3297.0539151456874,
      "last_seen_date": "2026-06-07"
    },
    "that": {
      "card": {
        "card_id": 1780829933251,
        "state": 2,
        "step": null,
        "stability": 0.16962798778656532,
        "difficulty": 9.507880973077725,
        "due": "2026-06-08T11:06:17.554214+00:00",
        "last_review": "2026-06-07T11:06:17.554214+00:00"
      },
      "reps": 11,
      "lapses": 0,
      "wpm_ewma": 4376.9507279499485,
      "last_seen_date": "2026-06-07"
    },
    "for": {
      "card": {
        "card_id": 1780829935176,
        "state": 2,
        "step": null,
        "stability": 1.0362500217746025,
        "difficulty": 7.3270404459163005,
        "due": "2026-06-08T11:04:55.228573+00:00",
        "last_review": "2026-06-07T11:04:55.228573+00:00"
      },
      "reps": 10,
      "lapses": 0,
      "wpm_ewma": 3866.9850872213756,
      "last_seen_date": "2026-06-07"
    },
    "have": {
      "card": {
        "card_id": 1780829938090,
        "state": 2,
        "step": null,
        "stability": 1.0362500217746025,
        "difficulty": 7.3270404459163005,
        "due": "2026-06-08T11:05:00.425038+00:00",
        "last_review": "2026-06-07T11:05:00.425038+00:00"
      },
      "reps": 10,
      "lapses": 0,
      "wpm_ewma": 3965.1157771981516,
      "last_seen_date": "2026-06-07"
    },
    "this": {
      "card": {
        "card_id": 1780829943606,
        "state": 2,
        "step": null,
        "stability": 1.0362500217746025,
        "difficulty": 7.329289250068371,
        "due": "2026-06-08T11:04:05.389754+00:00",
        "last_review": "2026-06-07T11:04:05.389754+00:00"
      },
      "reps": 9,
      "lapses": 0,
      "wpm_ewma": 4335.704148738116,
      "last_seen_date": "2026-06-07"
    },
    "was": {
      "card": {
        "card_id": 1780829946490,
        "state": 2,
        "step": null,
        "stability": 2.3065,
        "difficulty": 2.0905863426205262,
        "due": "2026-06-09T11:01:29.255963+00:00",
        "last_review": "2026-06-07T11:01:29.255963+00:00"
      },
      "reps": 5,
      "lapses": 0,
      "wpm_ewma": 3703.232040116486,
      "last_seen_date": "2026-06-07"
    },
    "they": {
      "card": {
        "card_id": 1780829949928,
        "state": 2,
        "step": null,
        "stability": 0.411963137621989,
        "difficulty": 6.357487083997829,
        "due": "2026-06-08T11:02:20.058369+00:00",
        "last_review": "2026-06-07T11:02:20.058369+00:00"
      },
      "reps": 6,
      "lapses": 0,
      "wpm_ewma": 4311.200484353994,
      "last_seen_date": "2026-06-07"
    },
    "are": {
      "card": {
        "card_id": 1780829953899,
        "state": 2,
        "step": null,
        "stability": 0.27643044164664987,
        "difficulty": 7.562207792299003,
        "due": "2026-06-08T11:03:05.590638+00:00",
        "last_review": "2026-06-07T11:03:05.590638+00:00"
      },
      "reps": 7,
      "lapses": 0,
      "wpm_ewma": 3090.478541965098,
      "last_seen_date": "2026-06-07"
    },
    "what": {
      "card": {
        "card_id": 1780830113322,
        "state": 2,
        "step": null,
        "stability": 2.3065,
        "difficulty": 2.0905863426205262,
        "due": "2026-06-09T11:04:49.546447+00:00",
        "last_review": "2026-06-07T11:04:49.546447+00:00"
      },
      "reps": 5,
      "lapses": 0,
      "wpm_ewma": 5018.923269093111,
      "last_seen_date": "2026-06-07"
    },
    "but": {
      "card": {
        "card_id": 1780830135622,
        "state": 2,
        "step": null,
        "stability": 2.3065,
        "difficulty": 2.0905863426205262,
        "due": "2026-06-09T11:05:05.007245+00:00",
        "last_review": "2026-06-07T11:05:05.007245+00:00"
      },
      "reps": 5,
      "lapses": 0,